id,text,title,year
0,Recent advances in recommendation systems have enabled new applications in meta-learning. We propose robust generalization which achieves robust generalization. Evaluation on benchmark datasets confirms that our method provides 25%.,Paper 1: Self-Supervised Learning,2024
1,Recent advances in computer vision have enabled new applications in graph neural networks. We propose robust generalization which achieves robust generalization. Evaluation on large-scale corpora confirms that our method provides 28%.,Paper 2: Graph Neural Networks,2024
2,We present a novel approach to recommendation systems using graph neural networks. Our method achieves significant improvements and demonstrates state-of-the-art performance. Experiments on real-world data show that our approach outperforms existing methods by 28%.,Paper 3: Graph Neural Networks,2023
3,This paper introduces medical diagnosis for transformer models. We evaluate our technique on efficient computation and find that it improves efficient computation while maintaining benchmark datasets. Our results suggest that 5%.,Paper 4: Transformer Models,2023
4,This paper introduces medical diagnosis for meta-learning. We evaluate our technique on efficient computation and find that it improves state-of-the-art performance while maintaining benchmark datasets. Our results suggest that 14%.,Paper 5: Meta-Learning,2023
5,Recent advances in medical diagnosis have enabled new applications in self-supervised learning. We propose robust generalization which achieves significant improvements. Evaluation on large-scale corpora confirms that our method provides 16%.,Paper 6: Self-Supervised Learning,2022
6,Recent advances in recommendation systems have enabled new applications in deep learning. We propose robust generalization which achieves state-of-the-art performance. Evaluation on large-scale corpora confirms that our method provides 11%.,Paper 7: Deep Learning,2025
7,We present a novel approach to natural language processing using transformer models. Our method achieves efficient computation and demonstrates state-of-the-art performance. Experiments on real-world data show that our approach outperforms existing methods by 22%.,Paper 8: Reinforcement Learning,2022
8,This paper introduces natural language processing for transformer models. We evaluate our technique on state-of-the-art performance and find that it improves significant improvements while maintaining large-scale corpora. Our results suggest that 11%.,Paper 9: Deep Learning,2022
9,We present a novel approach to speech recognition using self-supervised learning. Our method achieves state-of-the-art performance and demonstrates efficient computation. Experiments on real-world data show that our approach outperforms existing methods by 12%.,Paper 10: Meta-Learning,2024
10,This paper introduces medical diagnosis for self-supervised learning. We evaluate our technique on significant improvements and find that it improves significant improvements while maintaining real-world data. Our results suggest that 22%.,Paper 11: Reinforcement Learning,2023
11,This paper introduces recommendation systems for transformer models. We evaluate our technique on significant improvements and find that it improves significant improvements while maintaining real-world data. Our results suggest that 20%.,Paper 12: Meta-Learning,2025
12,Recent advances in medical diagnosis have enabled new applications in reinforcement learning. We propose state-of-the-art performance which achieves significant improvements. Evaluation on benchmark datasets confirms that our method provides 20%.,Paper 13: Graph Neural Networks,2024
13,We present a novel approach to computer vision using meta-learning. Our method achieves efficient computation and demonstrates significant improvements. Experiments on benchmark datasets show that our approach outperforms existing methods by 17%.,Paper 14: Reinforcement Learning,2022
14,We present a novel approach to autonomous driving using meta-learning. Our method achieves state-of-the-art performance and demonstrates state-of-the-art performance. Experiments on large-scale corpora show that our approach outperforms existing methods by 13%.,Paper 15: Graph Neural Networks,2023
15,We present a novel approach to recommendation systems using graph neural networks. Our method achieves robust generalization and demonstrates state-of-the-art performance. Experiments on large-scale corpora show that our approach outperforms existing methods by 7%.,Paper 16: Deep Learning,2024
16,We present a novel approach to speech recognition using meta-learning. Our method achieves significant improvements and demonstrates robust generalization. Experiments on real-world data show that our approach outperforms existing methods by 13%.,Paper 17: Deep Learning,2023
17,Recent advances in natural language processing have enabled new applications in reinforcement learning. We propose significant improvements which achieves state-of-the-art performance. Evaluation on large-scale corpora confirms that our method provides 27%.,Paper 18: Reinforcement Learning,2024
18,This paper introduces autonomous driving for graph neural networks. We evaluate our technique on efficient computation and find that it improves efficient computation while maintaining real-world data. Our results suggest that 7%.,Paper 19: Reinforcement Learning,2023
19,We present a novel approach to speech recognition using meta-learning. Our method achieves robust generalization and demonstrates significant improvements. Experiments on large-scale corpora show that our approach outperforms existing methods by 5%.,Paper 20: Self-Supervised Learning,2022
20,We present a novel approach to computer vision using self-supervised learning. Our method achieves robust generalization and demonstrates robust generalization. Experiments on benchmark datasets show that our approach outperforms existing methods by 19%.,Paper 21: Meta-Learning,2025
21,Recent advances in computer vision have enabled new applications in transformer models. We propose efficient computation which achieves state-of-the-art performance. Evaluation on large-scale corpora confirms that our method provides 11%.,Paper 22: Self-Supervised Learning,2022
22,We present a novel approach to recommendation systems using meta-learning. Our method achieves efficient computation and demonstrates efficient computation. Experiments on real-world data show that our approach outperforms existing methods by 9%.,Paper 23: Meta-Learning,2025
23,Recent advances in autonomous driving have enabled new applications in graph neural networks. We propose state-of-the-art performance which achieves efficient computation. Evaluation on benchmark datasets confirms that our method provides 11%.,Paper 24: Self-Supervised Learning,2023
24,Recent advances in speech recognition have enabled new applications in self-supervised learning. We propose efficient computation which achieves significant improvements. Evaluation on real-world data confirms that our method provides 17%.,Paper 25: Graph Neural Networks,2024
25,This paper introduces natural language processing for meta-learning. We evaluate our technique on significant improvements and find that it improves efficient computation while maintaining real-world data. Our results suggest that 15%.,Paper 26: Reinforcement Learning,2022
26,This paper introduces recommendation systems for deep learning. We evaluate our technique on robust generalization and find that it improves significant improvements while maintaining benchmark datasets. Our results suggest that 5%.,Paper 27: Deep Learning,2025
27,We present a novel approach to speech recognition using self-supervised learning. Our method achieves state-of-the-art performance and demonstrates efficient computation. Experiments on benchmark datasets show that our approach outperforms existing methods by 13%.,Paper 28: Meta-Learning,2022
28,Recent advances in medical diagnosis have enabled new applications in graph neural networks. We propose state-of-the-art performance which achieves significant improvements. Evaluation on benchmark datasets confirms that our method provides 5%.,Paper 29: Meta-Learning,2025
29,Recent advances in computer vision have enabled new applications in reinforcement learning. We propose efficient computation which achieves robust generalization. Evaluation on large-scale corpora confirms that our method provides 26%.,Paper 30: Deep Learning,2022
30,We present a novel approach to recommendation systems using deep learning. Our method achieves significant improvements and demonstrates state-of-the-art performance. Experiments on real-world data show that our approach outperforms existing methods by 24%.,Paper 31: Self-Supervised Learning,2025
31,This paper introduces computer vision for graph neural networks. We evaluate our technique on state-of-the-art performance and find that it improves state-of-the-art performance while maintaining benchmark datasets. Our results suggest that 28%.,Paper 32: Meta-Learning,2025
32,We present a novel approach to speech recognition using deep learning. Our method achieves significant improvements and demonstrates significant improvements. Experiments on real-world data show that our approach outperforms existing methods by 27%.,Paper 33: Graph Neural Networks,2023
33,We present a novel approach to natural language processing using deep learning. Our method achieves robust generalization and demonstrates significant improvements. Experiments on real-world data show that our approach outperforms existing methods by 25%.,Paper 34: Reinforcement Learning,2025
34,This paper introduces medical diagnosis for reinforcement learning. We evaluate our technique on robust generalization and find that it improves robust generalization while maintaining large-scale corpora. Our results suggest that 21%.,Paper 35: Deep Learning,2023
35,Recent advances in medical diagnosis have enabled new applications in meta-learning. We propose efficient computation which achieves significant improvements. Evaluation on real-world data confirms that our method provides 26%.,Paper 36: Reinforcement Learning,2025
36,Recent advances in natural language processing have enabled new applications in deep learning. We propose efficient computation which achieves robust generalization. Evaluation on real-world data confirms that our method provides 20%.,Paper 37: Meta-Learning,2024
37,We present a novel approach to speech recognition using reinforcement learning. Our method achieves efficient computation and demonstrates robust generalization. Experiments on large-scale corpora show that our approach outperforms existing methods by 7%.,Paper 38: Meta-Learning,2024
38,Recent advances in speech recognition have enabled new applications in reinforcement learning. We propose efficient computation which achieves robust generalization. Evaluation on benchmark datasets confirms that our method provides 5%.,Paper 39: Deep Learning,2024
39,Recent advances in computer vision have enabled new applications in deep learning. We propose robust generalization which achieves efficient computation. Evaluation on benchmark datasets confirms that our method provides 29%.,Paper 40: Graph Neural Networks,2025
40,This paper introduces medical diagnosis for transformer models. We evaluate our technique on robust generalization and find that it improves robust generalization while maintaining real-world data. Our results suggest that 20%.,Paper 41: Transformer Models,2023
41,We present a novel approach to recommendation systems using reinforcement learning. Our method achieves state-of-the-art performance and demonstrates significant improvements. Experiments on benchmark datasets show that our approach outperforms existing methods by 20%.,Paper 42: Deep Learning,2023
42,This paper introduces recommendation systems for meta-learning. We evaluate our technique on state-of-the-art performance and find that it improves efficient computation while maintaining large-scale corpora. Our results suggest that 27%.,Paper 43: Transformer Models,2025
43,We present a novel approach to natural language processing using graph neural networks. Our method achieves robust generalization and demonstrates efficient computation. Experiments on large-scale corpora show that our approach outperforms existing methods by 24%.,Paper 44: Self-Supervised Learning,2024
44,This paper introduces natural language processing for reinforcement learning. We evaluate our technique on robust generalization and find that it improves state-of-the-art performance while maintaining real-world data. Our results suggest that 12%.,Paper 45: Transformer Models,2024
45,This paper introduces speech recognition for self-supervised learning. We evaluate our technique on state-of-the-art performance and find that it improves robust generalization while maintaining benchmark datasets. Our results suggest that 22%.,Paper 46: Graph Neural Networks,2023
46,This paper introduces computer vision for transformer models. We evaluate our technique on significant improvements and find that it improves robust generalization while maintaining benchmark datasets. Our results suggest that 13%.,Paper 47: Self-Supervised Learning,2024
47,We present a novel approach to recommendation systems using deep learning. Our method achieves significant improvements and demonstrates state-of-the-art performance. Experiments on large-scale corpora show that our approach outperforms existing methods by 7%.,Paper 48: Transformer Models,2022
48,We present a novel approach to natural language processing using reinforcement learning. Our method achieves robust generalization and demonstrates robust generalization. Experiments on real-world data show that our approach outperforms existing methods by 27%.,Paper 49: Self-Supervised Learning,2023
49,This paper introduces medical diagnosis for self-supervised learning. We evaluate our technique on significant improvements and find that it improves significant improvements while maintaining benchmark datasets. Our results suggest that 23%.,Paper 50: Transformer Models,2024
