post_id,thread_id,text,timestamp
0,thread_0,Does anyone know more about renewable energy? Specifically the research is promising,2025-10-17 14:13:41.622670
1,thread_1,Does anyone know more about quantum computing? Specifically experts recommend it,2025-10-17 13:13:41.622674
2,thread_2,">>>artificial intelligence - I agree with this! Also, adoption is growing",2025-10-17 12:13:41.622676
3,thread_3,Has anyone tried cryptocurrency? I'm curious about adoption is growing,2025-10-17 11:13:41.622677
4,thread_4,Just wanted to share my experience with quantum computing. experts recommend it,2025-10-17 10:13:41.622678
5,thread_5,">>>renewable energy - I agree with this! Also, experts recommend it",2025-10-17 09:13:41.622678
6,thread_6,Just wanted to share my experience with data science. the research is promising,2025-10-17 08:13:41.622679
7,thread_7,Has anyone tried blockchain technology? I'm curious about it's cost-effective now,2025-10-17 07:13:41.622680
8,thread_8,Great point about data science! I'd add that the technology is mature,2025-10-17 06:13:41.622680
9,thread_9,Looking for advice on artificial intelligence. Any suggestions about it affects everyone?,2025-10-17 05:13:41.622681
10,thread_0,Looking for advice on electric vehicles. Any suggestions about it solves real problems?,2025-10-17 04:13:41.622682
11,thread_1,">>>cybersecurity - I agree with this! Also, it affects everyone",2025-10-17 03:13:41.622682
12,thread_2,I think quantum computing is really important because there are many applications,2025-10-17 02:13:41.622683
13,thread_3,Does anyone know more about electric vehicles? Specifically experts recommend it,2025-10-17 01:13:41.622684
14,thread_4,Looking for advice on cybersecurity. Any suggestions about experts recommend it?,2025-10-17 00:13:41.622684
15,thread_5,Does anyone know more about cryptocurrency? Specifically it's cost-effective now,2025-10-16 23:13:41.622685
16,thread_6,Does anyone know more about renewable energy? Specifically experts recommend it,2025-10-16 22:13:41.622685
17,thread_7,I think cryptocurrency is really important because the research is promising,2025-10-16 21:13:41.622686
18,thread_8,Just wanted to share my experience with neural networks. the research is promising,2025-10-16 20:13:41.622687
19,thread_9,I think neural networks is really important because the technology is mature,2025-10-16 19:13:41.622687
20,thread_0,Looking for advice on solar panels. Any suggestions about it's cost-effective now?,2025-10-16 18:13:41.622688
21,thread_1,Great point about climate change! I'd add that the technology is mature,2025-10-16 17:13:41.622689
22,thread_2,I think electric vehicles is really important because the research is promising,2025-10-16 16:13:41.622689
23,thread_3,Has anyone tried renewable energy? I'm curious about it's cost-effective now,2025-10-16 15:13:41.622690
24,thread_4,Does anyone know more about cybersecurity? Specifically adoption is growing,2025-10-16 14:13:41.622690
25,thread_5,Looking for advice on blockchain technology. Any suggestions about adoption is growing?,2025-10-16 13:13:41.622691
26,thread_6,Just wanted to share my experience with machine learning. it's cost-effective now,2025-10-16 12:13:41.622692
27,thread_7,Has anyone tried blockchain technology? I'm curious about it's cost-effective now,2025-10-16 11:13:41.622692
28,thread_8,Has anyone tried data science? I'm curious about it solves real problems,2025-10-16 10:13:41.622693
29,thread_9,Has anyone tried renewable energy? I'm curious about it solves real problems,2025-10-16 09:13:41.622694
30,thread_0,">>>climate change - I agree with this! Also, the technology is mature",2025-10-16 08:13:41.622694
31,thread_1,Looking for advice on climate change. Any suggestions about the technology is mature?,2025-10-16 07:13:41.622695
32,thread_2,Great point about renewable energy! I'd add that it solves real problems,2025-10-16 06:13:41.622695
33,thread_3,Does anyone know more about blockchain technology? Specifically it solves real problems,2025-10-16 05:13:41.622696
34,thread_4,Does anyone know more about cybersecurity? Specifically it affects everyone,2025-10-16 04:13:41.622697
35,thread_5,Great point about blockchain technology! I'd add that the research is promising,2025-10-16 03:13:41.622697
36,thread_6,">>>climate change - I agree with this! Also, adoption is growing",2025-10-16 02:13:41.622698
37,thread_7,">>>blockchain technology - I agree with this! Also, the technology is mature",2025-10-16 01:13:41.622699
38,thread_8,I think cybersecurity is really important because it's cost-effective now,2025-10-16 00:13:41.622699
39,thread_9,Looking for advice on solar panels. Any suggestions about the research is promising?,2025-10-15 23:13:41.622700
40,thread_0,Does anyone know more about machine learning? Specifically it affects everyone,2025-10-15 22:13:41.622700
41,thread_1,Does anyone know more about solar panels? Specifically experts recommend it,2025-10-15 21:13:41.622701
42,thread_2,I think cybersecurity is really important because experts recommend it,2025-10-15 20:13:41.622702
43,thread_3,Does anyone know more about quantum computing? Specifically there are many applications,2025-10-15 19:13:41.622702
44,thread_4,I think blockchain technology is really important because there are many applications,2025-10-15 18:13:41.622703
45,thread_5,Just wanted to share my experience with machine learning. there are many applications,2025-10-15 17:13:41.622703
46,thread_6,">>>electric vehicles - I agree with this! Also, adoption is growing",2025-10-15 16:13:41.622704
47,thread_7,Has anyone tried solar panels? I'm curious about it's cost-effective now,2025-10-15 15:13:41.622705
48,thread_8,Does anyone know more about solar panels? Specifically experts recommend it,2025-10-15 14:13:41.622705
49,thread_9,Looking for advice on climate change. Any suggestions about it affects everyone?,2025-10-15 13:13:41.622706
50,thread_0,Does anyone know more about neural networks? Specifically it solves real problems,2025-10-15 12:13:41.622706
51,thread_1,">>>cryptocurrency - I agree with this! Also, it's cost-effective now",2025-10-15 11:13:41.622707
52,thread_2,Great point about quantum computing! I'd add that there are many applications,2025-10-15 10:13:41.622708
53,thread_3,I think cryptocurrency is really important because the research is promising,2025-10-15 09:13:41.622708
54,thread_4,Does anyone know more about cryptocurrency? Specifically it affects everyone,2025-10-15 08:13:41.622709
55,thread_5,">>>electric vehicles - I agree with this! Also, adoption is growing",2025-10-15 07:13:41.622710
56,thread_6,Does anyone know more about neural networks? Specifically there are many applications,2025-10-15 06:13:41.622710
57,thread_7,I think electric vehicles is really important because the technology is mature,2025-10-15 05:13:41.622711
58,thread_8,Looking for advice on cryptocurrency. Any suggestions about adoption is growing?,2025-10-15 04:13:41.622711
59,thread_9,Does anyone know more about machine learning? Specifically it's cost-effective now,2025-10-15 03:13:41.622712
60,thread_0,">>>renewable energy - I agree with this! Also, it solves real problems",2025-10-15 02:13:41.622713
61,thread_1,">>>neural networks - I agree with this! Also, adoption is growing",2025-10-15 01:13:41.622713
62,thread_2,">>>quantum computing - I agree with this! Also, the research is promising",2025-10-15 00:13:41.622714
63,thread_3,Looking for advice on neural networks. Any suggestions about there are many applications?,2025-10-14 23:13:41.622714
64,thread_4,Just wanted to share my experience with data science. it's cost-effective now,2025-10-14 22:13:41.622715
65,thread_5,Has anyone tried electric vehicles? I'm curious about the research is promising,2025-10-14 21:13:41.622716
66,thread_6,Great point about solar panels! I'd add that the research is promising,2025-10-14 20:13:41.622716
67,thread_7,Great point about cybersecurity! I'd add that it's cost-effective now,2025-10-14 19:13:41.622717
68,thread_8,Looking for advice on cybersecurity. Any suggestions about it's cost-effective now?,2025-10-14 18:13:41.622717
69,thread_9,Great point about quantum computing! I'd add that experts recommend it,2025-10-14 17:13:41.622718
70,thread_0,Has anyone tried neural networks? I'm curious about it's cost-effective now,2025-10-14 16:13:41.622719
71,thread_1,I think neural networks is really important because it solves real problems,2025-10-14 15:13:41.622719
72,thread_2,I think machine learning is really important because it affects everyone,2025-10-14 14:13:41.622720
73,thread_3,Just wanted to share my experience with solar panels. it's cost-effective now,2025-10-14 13:13:41.622720
74,thread_4,">>>solar panels - I agree with this! Also, there are many applications",2025-10-14 12:13:41.622721
75,thread_5,Does anyone know more about data science? Specifically experts recommend it,2025-10-14 11:13:41.622722
76,thread_6,Just wanted to share my experience with solar panels. it solves real problems,2025-10-14 10:13:41.622722
77,thread_7,">>>machine learning - I agree with this! Also, there are many applications",2025-10-14 09:13:41.622723
78,thread_8,Has anyone tried cybersecurity? I'm curious about experts recommend it,2025-10-14 08:13:41.622724
79,thread_9,Does anyone know more about quantum computing? Specifically it solves real problems,2025-10-14 07:13:41.622725
80,thread_0,I think renewable energy is really important because it affects everyone,2025-10-14 06:13:41.622725
81,thread_1,Great point about machine learning! I'd add that the technology is mature,2025-10-14 05:13:41.622726
82,thread_2,Looking for advice on cybersecurity. Any suggestions about it solves real problems?,2025-10-14 04:13:41.622726
83,thread_3,Does anyone know more about climate change? Specifically there are many applications,2025-10-14 03:13:41.622727
84,thread_4,I think artificial intelligence is really important because it affects everyone,2025-10-14 02:13:41.622728
85,thread_5,I think quantum computing is really important because it affects everyone,2025-10-14 01:13:41.622728
86,thread_6,Has anyone tried climate change? I'm curious about it's cost-effective now,2025-10-14 00:13:41.622729
87,thread_7,Great point about neural networks! I'd add that the research is promising,2025-10-13 23:13:41.622729
88,thread_8,I think machine learning is really important because there are many applications,2025-10-13 22:13:41.622730
89,thread_9,Great point about climate change! I'd add that the research is promising,2025-10-13 21:13:41.622731
90,thread_0,Looking for advice on electric vehicles. Any suggestions about experts recommend it?,2025-10-13 20:13:41.622731
91,thread_1,Great point about neural networks! I'd add that it's cost-effective now,2025-10-13 19:13:41.622732
92,thread_2,Does anyone know more about quantum computing? Specifically experts recommend it,2025-10-13 18:13:41.622732
93,thread_3,Just wanted to share my experience with machine learning. adoption is growing,2025-10-13 17:13:41.622733
94,thread_4,Great point about blockchain technology! I'd add that the research is promising,2025-10-13 16:13:41.622734
95,thread_5,Looking for advice on climate change. Any suggestions about it solves real problems?,2025-10-13 15:13:41.622734
96,thread_6,Great point about quantum computing! I'd add that adoption is growing,2025-10-13 14:13:41.622735
97,thread_7,I think solar panels is really important because it's cost-effective now,2025-10-13 13:13:41.622736
98,thread_8,Just wanted to share my experience with data science. experts recommend it,2025-10-13 12:13:41.622736
99,thread_9,">>>cryptocurrency - I agree with this! Also, it's cost-effective now",2025-10-13 11:13:41.622737
100,thread_0,Looking for advice on quantum computing. Any suggestions about it's cost-effective now?,2025-10-13 10:13:41.622737
101,thread_1,Just wanted to share my experience with electric vehicles. there are many applications,2025-10-13 09:13:41.622738
102,thread_2,Does anyone know more about cryptocurrency? Specifically it's cost-effective now,2025-10-13 08:13:41.622739
103,thread_3,Does anyone know more about renewable energy? Specifically it affects everyone,2025-10-13 07:13:41.622739
104,thread_4,I think blockchain technology is really important because experts recommend it,2025-10-13 06:13:41.622740
105,thread_5,Does anyone know more about climate change? Specifically experts recommend it,2025-10-13 05:13:41.622740
106,thread_6,I think quantum computing is really important because it's cost-effective now,2025-10-13 04:13:41.622741
107,thread_7,I think solar panels is really important because the technology is mature,2025-10-13 03:13:41.622742
108,thread_8,Does anyone know more about electric vehicles? Specifically there are many applications,2025-10-13 02:13:41.622742
109,thread_9,Does anyone know more about cybersecurity? Specifically experts recommend it,2025-10-13 01:13:41.622743
110,thread_0,Has anyone tried solar panels? I'm curious about it's cost-effective now,2025-10-13 00:13:41.622744
111,thread_1,Looking for advice on machine learning. Any suggestions about the technology is mature?,2025-10-12 23:13:41.622744
112,thread_2,I think cybersecurity is really important because the research is promising,2025-10-12 22:13:41.622745
113,thread_3,">>>quantum computing - I agree with this! Also, adoption is growing",2025-10-12 21:13:41.622746
114,thread_4,I think solar panels is really important because there are many applications,2025-10-12 20:13:41.622746
115,thread_5,Just wanted to share my experience with cryptocurrency. it's cost-effective now,2025-10-12 19:13:41.622747
116,thread_6,Great point about blockchain technology! I'd add that it affects everyone,2025-10-12 18:13:41.622747
117,thread_7,Looking for advice on quantum computing. Any suggestions about it affects everyone?,2025-10-12 17:13:41.622748
118,thread_8,Looking for advice on data science. Any suggestions about experts recommend it?,2025-10-12 16:13:41.622749
119,thread_9,Looking for advice on cryptocurrency. Any suggestions about experts recommend it?,2025-10-12 15:13:41.622749
120,thread_0,Great point about solar panels! I'd add that there are many applications,2025-10-12 14:13:41.622750
121,thread_1,I think climate change is really important because experts recommend it,2025-10-12 13:13:41.622750
122,thread_2,Great point about climate change! I'd add that the technology is mature,2025-10-12 12:13:41.622751
123,thread_3,Great point about cryptocurrency! I'd add that experts recommend it,2025-10-12 11:13:41.622752
124,thread_4,">>>solar panels - I agree with this! Also, it's cost-effective now",2025-10-12 10:13:41.622752
125,thread_5,I think renewable energy is really important because it affects everyone,2025-10-12 09:13:41.622753
126,thread_6,Great point about artificial intelligence! I'd add that experts recommend it,2025-10-12 08:13:41.622753
127,thread_7,Looking for advice on blockchain technology. Any suggestions about experts recommend it?,2025-10-12 07:13:41.622754
128,thread_8,Does anyone know more about cryptocurrency? Specifically it affects everyone,2025-10-12 06:13:41.622755
129,thread_9,I think cybersecurity is really important because there are many applications,2025-10-12 05:13:41.622756
130,thread_0,Just wanted to share my experience with data science. adoption is growing,2025-10-12 04:13:41.622756
131,thread_1,Great point about data science! I'd add that it solves real problems,2025-10-12 03:13:41.622757
132,thread_2,">>>cryptocurrency - I agree with this! Also, it solves real problems",2025-10-12 02:13:41.622757
133,thread_3,Just wanted to share my experience with quantum computing. the technology is mature,2025-10-12 01:13:41.622758
134,thread_4,">>>machine learning - I agree with this! Also, it's cost-effective now",2025-10-12 00:13:41.622759
135,thread_5,Does anyone know more about machine learning? Specifically the research is promising,2025-10-11 23:13:41.622759
136,thread_6,Looking for advice on cryptocurrency. Any suggestions about it's cost-effective now?,2025-10-11 22:13:41.622760
137,thread_7,Just wanted to share my experience with machine learning. experts recommend it,2025-10-11 21:13:41.622760
138,thread_8,I think cybersecurity is really important because it's cost-effective now,2025-10-11 20:13:41.622761
139,thread_9,Great point about artificial intelligence! I'd add that it solves real problems,2025-10-11 19:13:41.622762
140,thread_0,Just wanted to share my experience with cybersecurity. it affects everyone,2025-10-11 18:13:41.622762
141,thread_1,">>>blockchain technology - I agree with this! Also, the research is promising",2025-10-11 17:13:41.622763
142,thread_2,I think artificial intelligence is really important because adoption is growing,2025-10-11 16:13:41.622764
143,thread_3,Just wanted to share my experience with cybersecurity. it affects everyone,2025-10-11 15:13:41.622764
144,thread_4,Looking for advice on artificial intelligence. Any suggestions about experts recommend it?,2025-10-11 14:13:41.622765
145,thread_5,Does anyone know more about machine learning? Specifically experts recommend it,2025-10-11 13:13:41.622765
146,thread_6,Just wanted to share my experience with climate change. it affects everyone,2025-10-11 12:13:41.622766
147,thread_7,Has anyone tried data science? I'm curious about the technology is mature,2025-10-11 11:13:41.622767
148,thread_8,Just wanted to share my experience with blockchain technology. it solves real problems,2025-10-11 10:13:41.622767
149,thread_9,Has anyone tried data science? I'm curious about adoption is growing,2025-10-11 09:13:41.622768
150,thread_0,Has anyone tried quantum computing? I'm curious about the technology is mature,2025-10-11 08:13:41.622769
151,thread_1,Has anyone tried electric vehicles? I'm curious about it affects everyone,2025-10-11 07:13:41.622769
152,thread_2,I think solar panels is really important because there are many applications,2025-10-11 06:13:41.622770
153,thread_3,Great point about neural networks! I'd add that the research is promising,2025-10-11 05:13:41.622770
154,thread_4,Has anyone tried neural networks? I'm curious about the technology is mature,2025-10-11 04:13:41.622771
155,thread_5,Just wanted to share my experience with climate change. it affects everyone,2025-10-11 03:13:41.622772
156,thread_6,">>>cybersecurity - I agree with this! Also, the technology is mature",2025-10-11 02:13:41.622772
157,thread_7,Does anyone know more about solar panels? Specifically it's cost-effective now,2025-10-11 01:13:41.622773
158,thread_8,">>>renewable energy - I agree with this! Also, it affects everyone",2025-10-11 00:13:41.622774
159,thread_9,Great point about cybersecurity! I'd add that there are many applications,2025-10-10 23:13:41.622774
160,thread_0,Does anyone know more about cybersecurity? Specifically the technology is mature,2025-10-10 22:13:41.622775
161,thread_1,Has anyone tried neural networks? I'm curious about adoption is growing,2025-10-10 21:13:41.622775
162,thread_2,Great point about cryptocurrency! I'd add that it affects everyone,2025-10-10 20:13:41.622776
163,thread_3,Has anyone tried data science? I'm curious about the technology is mature,2025-10-10 19:13:41.622777
164,thread_4,Has anyone tried data science? I'm curious about it affects everyone,2025-10-10 18:13:41.622777
165,thread_5,Looking for advice on electric vehicles. Any suggestions about it solves real problems?,2025-10-10 17:13:41.622778
166,thread_6,Does anyone know more about data science? Specifically there are many applications,2025-10-10 16:13:41.622778
167,thread_7,Looking for advice on artificial intelligence. Any suggestions about it affects everyone?,2025-10-10 15:13:41.622779
168,thread_8,">>>cybersecurity - I agree with this! Also, it's cost-effective now",2025-10-10 14:13:41.622780
169,thread_9,Looking for advice on artificial intelligence. Any suggestions about adoption is growing?,2025-10-10 13:13:41.622780
170,thread_0,Looking for advice on data science. Any suggestions about the research is promising?,2025-10-10 12:13:41.622781
171,thread_1,Looking for advice on cryptocurrency. Any suggestions about adoption is growing?,2025-10-10 11:13:41.622781
172,thread_2,Looking for advice on climate change. Any suggestions about it's cost-effective now?,2025-10-10 10:13:41.622782
173,thread_3,Has anyone tried cryptocurrency? I'm curious about it affects everyone,2025-10-10 09:13:41.622783
174,thread_4,Does anyone know more about cryptocurrency? Specifically it's cost-effective now,2025-10-10 08:13:41.622784
175,thread_5,Has anyone tried neural networks? I'm curious about the technology is mature,2025-10-10 07:13:41.622784
176,thread_6,">>>electric vehicles - I agree with this! Also, the research is promising",2025-10-10 06:13:41.622785
177,thread_7,Great point about neural networks! I'd add that adoption is growing,2025-10-10 05:13:41.622786
178,thread_8,I think cybersecurity is really important because the research is promising,2025-10-10 04:13:41.622786
179,thread_9,I think electric vehicles is really important because the technology is mature,2025-10-10 03:13:41.622787
180,thread_0,I think climate change is really important because experts recommend it,2025-10-10 02:13:41.622787
181,thread_1,Great point about data science! I'd add that experts recommend it,2025-10-10 01:13:41.622788
182,thread_2,I think blockchain technology is really important because the research is promising,2025-10-10 00:13:41.622789
183,thread_3,">>>machine learning - I agree with this! Also, experts recommend it",2025-10-09 23:13:41.622789
184,thread_4,">>>neural networks - I agree with this! Also, experts recommend it",2025-10-09 22:13:41.622790
185,thread_5,Does anyone know more about artificial intelligence? Specifically it solves real problems,2025-10-09 21:13:41.622790
186,thread_6,">>>neural networks - I agree with this! Also, there are many applications",2025-10-09 20:13:41.622791
187,thread_7,Looking for advice on electric vehicles. Any suggestions about experts recommend it?,2025-10-09 19:13:41.622792
188,thread_8,Just wanted to share my experience with artificial intelligence. it solves real problems,2025-10-09 18:13:41.622792
189,thread_9,I think cybersecurity is really important because the research is promising,2025-10-09 17:13:41.622793
190,thread_0,Does anyone know more about machine learning? Specifically it solves real problems,2025-10-09 16:13:41.622794
191,thread_1,Great point about renewable energy! I'd add that the research is promising,2025-10-09 15:13:41.622794
192,thread_2,Looking for advice on electric vehicles. Any suggestions about the technology is mature?,2025-10-09 14:13:41.622795
193,thread_3,">>>neural networks - I agree with this! Also, it's cost-effective now",2025-10-09 13:13:41.622795
194,thread_4,I think artificial intelligence is really important because adoption is growing,2025-10-09 12:13:41.622796
195,thread_5,Has anyone tried electric vehicles? I'm curious about it solves real problems,2025-10-09 11:13:41.622797
196,thread_6,">>>renewable energy - I agree with this! Also, the technology is mature",2025-10-09 10:13:41.622797
197,thread_7,Looking for advice on electric vehicles. Any suggestions about the technology is mature?,2025-10-09 09:13:41.622798
198,thread_8,Just wanted to share my experience with electric vehicles. experts recommend it,2025-10-09 08:13:41.622798
199,thread_9,I think blockchain technology is really important because the research is promising,2025-10-09 07:13:41.622799
